Type,Value,Type,Value
Data Source,no_rad_maybe : TMD : THESISINTEGRATEDTESTNORA,Data Source,no_rad_maybe : TMD : THESISINTEGRATEDTESTNORA
Element,1,Element,2
,,,
,,,
Time[s],Temperature,Time[s],Temperature
0.0,20.0,0.0,25.0
22.243959999999998,14.931854932818403,22.243959999999998,44.62184083317981
44.487919999999995,10.808099967688552,44.487919999999995,60.83114450525448
66.73187999999999,7.438527970663832,66.73187999999999,73.86834475648676
88.97583999999999,4.668594253820467,88.97583999999999,84.10319024029117
111.21979999999999,2.3739715993086317,111.21979999999999,91.96881191363083
133.46375999999998,0.45457153072846035,133.46375999999998,97.86017213435724
155.70771999999997,-1.1692370142020587,155.70771999999997,102.14817684473587
177.95167999999995,-2.5590969561458516,177.95167999999995,105.19942201339484
200.19563999999994,-3.7625792492658663,200.19563999999994,107.31347777232564
222.43959999999993,-4.816307527430236,222.43959999999993,108.72666659631301
244.68355999999991,-5.749720223092029,244.68355999999991,109.57905386999373
266.9275199999999,-6.586519589819387,266.9275199999999,109.97728392272988
289.1714799999999,-7.344748015306531,289.1714799999999,110.0428623155898
311.41543999999993,-8.038352180859865,311.41543999999993,109.86534630505435
333.65939999999995,-8.678210901606263,333.65939999999995,109.51027639838281
355.90335999999996,-9.274060316166597,355.90335999999996,108.98534641890556
378.14732,-9.834533245184174,378.14732,108.29561000771615
400.39128,-10.366170111495569,400.39128,107.48415717168913
422.63524,-10.874085168686625,422.63524,106.58213439540478
444.8792,-11.36232644004441,444.8792,105.61202289349792
467.12316000000004,-11.835226621104363,467.12316000000004,104.55213814205182
489.36712000000006,-12.297116119544201,489.36712000000006,103.38580554865071
511.6110800000001,-12.751150481064796,511.6110800000001,102.13787218688155
533.85504,-13.199738583253918,533.85504,100.82626447593965
556.099,-13.644739898710341,556.099,99.46389984149884
578.3429600000001,-14.088605141560759,578.3429600000001,98.02487232977768
600.5869200000001,-14.534055166984823,600.5869200000001,96.48909601543737
622.8308800000001,-14.982956055749321,622.8308800000001,94.87591566161812
645.0748400000001,-15.436658359981266,645.0748400000001,93.19930172314778
667.3188000000001,-15.89614311437844,667.3188000000001,91.46930873825788
689.5627600000001,-16.36301882635767,689.5627600000001,89.6611804794856
711.8067200000002,-16.83923390664284,711.8067200000002,87.75528203354828
734.0506800000002,-17.32606378451874,734.0506800000002,85.76767766986127
756.2946400000002,-17.82439049942868,756.2946400000002,83.70994953537371
778.5386000000002,-18.334820985467463,778.5386000000002,81.59037596750278
800.7825600000002,-18.85854383367063,800.7825600000002,79.38660519031738
823.0265200000002,-19.39709395128008,823.0265200000002,77.08036255878791
845.2704800000002,-19.95147900237661,845.2704800000002,74.68455594490868
867.5144400000003,-20.522404375667058,867.5144400000003,72.20838538938258
889.7584000000003,-21.110369377228484,889.7584000000003,69.65827213251858
912.0023600000003,-21.716375448391616,912.0023600000003,67.01461013019096
934.2463200000003,-22.341749982447485,934.2463200000003,64.26075091334384
956.4902800000003,-22.987429199615008,956.4902800000003,61.40614702892938
978.7342400000003,-23.654129122087674,978.7342400000003,58.45726655742421
1000.9782000000004,-24.342421941377538,1000.9782000000004,55.418287100610094
1023.2221600000004,-25.053286409398307,1023.2221600000004,52.27238095669552
1045.4661200000003,-25.78799374285797,1045.4661200000003,49.00457552694187
1067.7100800000003,-26.547559398375174,1067.7100800000003,45.62045504960896
1089.9540400000003,-27.33286049704365,1089.9540400000003,42.123265903479314
1112.1980000000003,-28.14469445545415,1112.1980000000003,38.51439573488546
1134.4419600000003,-28.984031260836527,1134.4419600000003,34.779606212936805
1156.6859200000004,-29.852104931960618,1156.6859200000004,30.905485860479363
1178.9298800000004,-30.750174752217326,1178.9298800000004,26.893260373971863
1201.1738400000004,-31.679446693654732,1201.1738400000004,22.74234619181953
1223.4178000000004,-32.64111717666761,1223.4178000000004,18.45064312281477
1245.6617600000004,-33.63517191419671,1245.6617600000004,14.006090613320904
1267.9057200000004,-34.66191555001425,1267.9057200000004,9.396565933572038
1290.1496800000004,-35.72318955305821,1290.1496800000004,4.6183900515127
1312.3936400000005,-36.8208584749463,1312.3936400000005,-0.3335491947799709
1334.6376000000005,-37.95684374564322,1334.6376000000005,-5.465649859915796
1356.8815600000005,-39.12674001868918,1356.8815600000005,-10.601401228931875
1379.1255200000005,-40.322940981680475,1379.1255200000005,-15.58317796660067
1401.3694800000005,-41.54162425781699,1401.3694800000005,-20.451930424832288
1423.6134400000005,-42.78008569962004,1423.6134400000005,-25.241798360926637
1445.8574000000006,-44.036522043959856,1445.8574000000006,-29.98159775328961
1468.1013600000006,-45.307218968844076,1468.1013600000006,-34.50720350074384
1490.3453200000006,-46.58533457805033,1490.3453200000006,-38.66613325489921
1512.5892800000006,-47.86396049974664,1512.5892800000006,-42.5039537401082
1534.8332400000006,-49.13754034605992,1534.8332400000006,-46.058716604808694
1557.0772000000006,-50.4016176143742,1557.0772000000006,-49.36248426038196
1579.3211600000006,-51.65263393368392,1579.3211600000006,-52.44249134342042
1601.5651200000007,-52.88776657045951,1601.5651200000007,-55.32204092017681
1623.8090800000007,-54.104796825248236,1623.8090800000007,-58.021204551030166
1646.0530400000007,-55.302002925811585,1646.0530400000007,-60.557375259943846
1668.2970000000007,-56.47807248006491,1668.2970000000007,-62.94570876483019
1690.5409600000007,-57.63203064241053,1690.5409600000007,-65.19947882597633
1712.7849200000007,-58.76318097236759,1712.7849200000007,-67.33036587347367
1735.0288800000008,-59.8710565956065,1735.0288800000008,-69.34869328515647
1757.2728400000008,-60.955379764680906,1757.2728400000008,-71.2636222149817
1779.5168000000008,-62.01602829585305,1779.5168000000008,-73.08331332431986
1801.7607600000008,-63.05300765556673,1801.7607600000008,-74.81506187789105
1824.0047200000008,-64.06642770458971,1824.0047200000008,-76.46541124786678
1846.2486800000008,-65.05648329395675,1846.2486800000008,-78.04024879536951
1868.4926400000008,-66.02343805537895,1868.4926400000008,-79.5448872773353
1890.7366000000009,-66.96761084792587,1890.7366000000009,-80.98413429346056
1912.9805600000009,-67.88936441879267,1912.9805600000009,-82.36235179574544
1935.224520000001,-68.78909591366114,1935.224520000001,-83.68350729766486
1957.468480000001,-69.6672289352931,1957.468480000001,-84.95121811595034
1979.712440000001,-70.52420690047965,1979.712440000001,-86.16878973654015
2001.956400000001,-71.36048748760662,2001.956400000001,-87.3392492033384
2024.200360000001,-72.17653800169349,2024.200360000001,-88.46537427334684
2046.444320000001,-72.97283151226063,2046.444320000001,-89.54971895636767
2068.6882800000008,-73.7498436429187,2068.6882800000008,-90.59463595558314
2090.9322400000005,-74.50804991107412,2090.9322400000005,-91.60229644208302
2113.1762000000003,-75.2479235323385,2113.1762000000003,-92.57470752808536
2135.42016,-75.9699336177145,2135.42016,-93.51372774725282
2157.66412,-76.67454370288308,2157.66412,-94.42108080383775
2179.9080799999997,-77.36221055833015,2179.9080799999997,-95.29836781357373
2202.1520399999995,-78.03338323694048,2202.1520399999995,-96.14707822681603
2224.3959999999993,-78.68850232231405,2224.3959999999993,-96.96859959726207
2246.639959999999,-79.3279993466369,2246.639959999999,-97.76422633672102
2268.883919999999,-79.95229635164094,2268.883919999999,-98.535167577101
2291.1278799999986,-80.56180557015811,2291.1278799999986,-99.28255424443111
2313.3718399999984,-81.15692920913393,2313.3718399999984,-100.00744543583984
2335.615799999998,-81.7379557550422,2335.615799999998,-100.71083304383527
2357.859759999998,-82.30537771472135,2357.859759999998,-101.3936482514175
2380.103719999998,-82.85956622411088,2380.103719999998,-102.0567673339689
2402.3476799999976,-83.40088228263144,2402.3476799999976,-102.70101469045946
2424.5916399999974,-83.92967683967112,2424.5916399999974,-103.32716674125366
2446.835599999997,-84.44629091478696,2446.835599999997,-103.93595547688639
2469.079559999997,-84.9510557453647,2469.079559999997,-104.52807169380257
2491.3235199999967,-85.44429295640626,2491.3235199999967,-105.10416794886616
2513.5674799999965,-85.9263147479074,2513.5674799999965,-105.66486126079617
2535.8114399999963,-86.39742409596617,2535.8114399999963,-106.21073558350606
2558.055399999996,-86.857914964344,2558.055399999996,-106.74234407354066
2580.299359999996,-87.30807252369912,2580.299359999996,-107.26021117136813
2602.5433199999957,-87.74817337613906,2602.5433199999957,-107.76483451414452
2624.7872799999955,-88.17848578310509,2624.7872799999955,-108.25668669568762
2647.0312399999953,-88.59926989491575,2647.0312399999953,-108.7362168877379
2669.275199999995,-89.01077798056585,2669.275199999995,-109.20385233512123
2691.519159999995,-89.41325465660886,2691.519159999995,-109.65999973613323
2713.7631199999946,-89.80693711414895,2713.7631199999946,-110.10504651831857
2736.0070799999944,-90.19205534313883,2736.0070799999944,-110.53936201880082
2758.251039999994,-90.56883235332549,2758.251039999994,-110.96329857741436
2780.494999999994,-90.93748439131086,2780.494999999994,-111.37719255008471
2802.7389599999938,-91.29822115330121,2802.7389599999938,-111.78136524918573
2824.9829199999936,-91.65124599321038,2824.9829199999936,-112.17612381696188
2847.2268799999933,-91.99675612585997,2847.2268799999933,-112.56176203753044
2869.470839999993,-92.33494282508626,2869.470839999993,-112.93856109246556
2891.714799999993,-92.66599161661955,2891.714799999993,-113.30679026450636
2913.9587599999927,-92.9900824656502,2913.9587599999927,-113.6667075935182
2936.2027199999925,-93.30738995903575,2936.2027199999925,-114.01856048846508
2958.4466799999923,-93.61808348213752,2958.4466799999923,-114.36258629881715
2980.690639999992,-93.92232739030442,2980.690639999992,-114.6990128485159
3002.934599999992,-94.22028117504442,3002.934599999992,-115.02805893534853
3025.1785599999916,-94.5120996249453,3025.1785599999916,-115.34993479833689
3047.4225199999914,-94.79793298142135,3047.4225199999914,-115.6648425555253
3069.666479999991,-95.07792708937697,3069.666479999991,-115.97297661434988
3091.910439999991,-95.35222354288793,3091.910439999991,-116.27452405659048
3114.154399999991,-95.62095982601012,3114.154399999991,-116.56966499974087
3136.3983599999906,-95.88426944883196,3136.3983599999906,-116.8585729364829
3158.6423199999904,-96.14228207889128,3158.6423199999904,-117.14141505381387
3180.88627999999,-96.39512366808128,3180.88627999999,-117.41835253325232
3203.13023999999,-96.64291657517242,3203.13023999999,-117.68954083343418
3225.3741999999897,-96.88577968407834,3225.3741999999897,-117.95512995630854
3247.6181599999895,-97.12382851799427,3247.6181599999895,-118.21526469804762
3269.8621199999893,-97.35717534953635,3269.8621199999893,-118.47008488570015
3292.106079999989,-97.58592930700914,3292.106079999989,-118.71972560053835
3314.350039999989,-97.81019647692753,3314.350039999989,-118.96431738897721
3336.5939999999887,-98.03008000291703,3336.5939999999887,-119.20398646187839
3358.8379599999885,-98.24568018111489,3358.8379599999885,-119.43885488299136
3381.0819199999883,-98.45709455219142,3381.0819199999883,-119.66904074722848
3403.325879999988,-98.66441799010893,3403.325879999988,-119.89465834942011
3425.569839999988,-98.86774278773235,3425.569839999988,-120.11581834414926
3447.8137999999876,-99.06715873940306,3447.8137999999876,-120.33262789722197
3470.0577599999874,-99.26275322058417,3470.0577599999874,-120.54519082929068
3492.301719999987,-99.45461126468287,3492.301719999987,-120.75360775211068
3514.545679999987,-99.6428156371515,3514.545679999987,-120.95797619787704
3536.789639999987,-99.82744690696695,3536.789639999987,-121.15839074205779
3559.0335999999866,-100.008583515584,3559.0335999999866,-121.35494312011093
3581.2775599999864,-100.18630184345537,3581.2775599999864,-121.54772233844659
3603.521519999986,-100.36067627420863,3603.521519999986,-121.73681477997079
3625.765479999986,-100.5317792565661,3625.765479999986,-121.92230430452541
3648.0094399999857,-100.69968136409187,3648.0094399999857,-122.10427234451764
3670.2533999999855,-100.8644513528467,3670.2533999999855,-122.28279799601292
3692.4973599999853,-101.02615621702839,3692.4973599999853,-122.45795810554775
3714.741319999985,-101.18486124267311,3714.741319999985,-122.62982735290207
3736.985279999985,-101.34063005948998,3736.985279999985,-122.79847833005529
3759.2292399999847,-101.49352469089845,3759.2292399999847,-122.96398161653607
3781.4731999999844,-101.64360560233587,3781.4731999999844,-123.12640585136262
3803.7171599999842,-101.79093174789976,3803.7171599999842,-123.28581780175777
3825.961119999984,-101.93556061538716,3825.961119999984,-123.44228242881195
3848.205079999984,-102.07754826979065,3848.205079999984,-123.59586295025618
3870.4490399999836,-99.31409730008998,3870.4490399999836,-123.71495543499137
3892.6929999999834,-93.74505126601532,3892.6929999999834,-123.73858861088159
3914.936959999983,-88.37877276953306,3914.936959999983,-123.64202992566203
3937.180919999983,-83.22042345735508,3937.180919999983,-123.43437181250123
3959.4248799999827,-78.26880906095687,3959.4248799999827,-123.124417515034
3981.6688399999825,-73.52222779037417,3981.6688399999825,-122.72062647643867
4003.9127999999823,-68.97843568598198,4003.9127999999823,-122.23112258423076
4026.156759999982,-64.64266459211733,4026.156759999982,-121.66378690131867
4048.400719999982,-60.51909258320498,4048.400719999982,-121.02633924242019
4070.6446799999817,-56.60280365614293,4070.6446799999817,-120.32623413493774
4092.8886399999815,-52.88833019631482,4092.8886399999815,-119.57056485601471
4115.132599999982,-49.36970297470359,4115.132599999982,-118.76605409089424
4137.3765599999815,-46.043566110453085,4137.3765599999815,-117.7257964088694
4159.620519999981,-42.90190437115603,4159.620519999981,-116.2705102414345
4181.864479999981,-39.929526354125116,4181.864479999981,-114.42169351432253
4204.108439999981,-37.111936299037644,4204.108439999981,-112.20037289306225
4226.352399999981,-34.43539019173484,4226.352399999981,-109.62727184363652
4248.59635999998,-31.893937214919685,4248.59635999998,-106.53292791818909
4270.84031999998,-29.47793924009308,4270.84031999998,-102.75701293769227
4293.08427999998,-27.16763701760329,4293.08427999998,-98.33901653249885
4315.32823999998,-24.945215931790766,4315.32823999998,-93.31993618025574
4337.57219999998,-22.794810154008733,4337.57219999998,-87.7428191493403
4359.816159999979,-20.712149975116585,4359.816159999979,-81.66237213154555
4382.060119999979,-18.694249715326254,4382.060119999979,-75.13584520406098
4404.304079999979,-16.729737282818874,4404.304079999979,-68.21406426202715
4426.548039999979,-14.80912604818636,4426.548039999979,-60.95092765272993
4448.7919999999785,-12.92477370722404,4448.7919999999785,-53.403292930823824
4471.035959999978,-11.08030464600638,4471.035959999978,-45.645450696065716
4493.279919999978,-9.280470278996388,4493.279919999978,-37.75255876782088
4515.523879999978,-7.521560665689089,4515.523879999978,-29.784756776248358
4537.767839999978,-5.801335966884663,4537.767839999978,-21.801831863237155
4560.0117999999775,-4.118882492356057,4560.0117999999775,-13.861953587859432
4582.255759999977,-2.4836020875649782,4582.255759999977,-6.040336916598903
4604.499719999977,-0.9053478466696169,4604.499719999977,1.594510575663624
4626.743679999977,0.6149737415955995,4626.743679999977,9.002251173613837
4648.987639999977,2.075972484960101,4648.987639999977,16.14946622744385
4671.231599999976,3.47597720377331,4671.231599999976,23.010219110977935
4693.475559999976,4.804533393962127,4693.475559999976,29.54159835654448
4715.719519999976,6.051709153620033,4715.719519999976,35.71213662521484
4737.963479999976,7.2169973936860305,4737.963479999976,41.52588806514656
4760.207439999976,8.300345389640873,4760.207439999976,46.99287513958193
4782.451399999975,9.302206628821214,4782.451399999975,52.12792220421856
4804.695359999975,10.215458393351774,4804.695359999975,56.920686267402864
4826.939319999975,11.033832490149301,4826.939319999975,61.36879354155849
4849.183279999975,11.760070129714643,4849.183279999975,65.5049634205037
4871.4272399999745,12.397489493115822,4871.4272399999745,69.36117001976791
4893.671199999974,12.949868839304019,4893.671199999974,72.96784785274556
4915.915159999974,13.413939282536857,4915.915159999974,76.3209693654486
4938.159119999974,13.78688147707122,4938.159119999974,79.42115418973063
4960.403079999974,14.073731183759199,4960.403079999974,82.30476268637445
4982.6470399999735,14.279759715887785,4982.6470399999735,85.00341373132437
5004.890999999973,14.410325921452277,5004.890999999973,87.54429104843733
5027.134959999973,14.46418445006795,5027.134959999973,89.91503896668472
5049.378919999973,14.440040309599748,5049.378919999973,92.10812521012876
5071.622879999973,14.343198347291569,5071.622879999973,94.15512984826073
5093.866839999972,14.178962229145839,5093.866839999972,96.08186677890495
5116.110799999972,13.952510747946278,5116.110799999972,97.90930180706573
5138.354759999972,13.663154169551007,5138.354759999972,99.61626682191863
5160.598719999972,13.30985501715651,5160.598719999972,101.18786214016183
5182.842679999972,12.89702776408437,5182.842679999972,102.65203424428326
5205.086639999971,12.429059169807434,5205.086639999971,104.0307028126661
5227.330599999971,11.910195123157484,5227.330599999971,105.34098814026241
5249.574559999971,11.339812271712466,5249.574559999971,106.55605864506205
5271.818519999971,10.716793191056121,5271.818519999971,107.65661614962833
5294.0624799999705,10.044365867270031,5294.0624799999705,108.66915356413507
5316.30643999997,9.3258129694595,5316.30643999997,109.61384040616069
5338.55039999997,8.56435059711524,5338.55039999997,110.50598452385366
5360.79435999997,7.759470786450122,5360.79435999997,111.31554322761536
5383.03831999997,6.910085081995317,5383.03831999997,112.0208375687817
5405.282279999969,6.01831305848209,5405.282279999969,112.64798896524718
5427.526239999969,5.086436895646811,5427.526239999969,113.21645723791906
5449.770199999969,4.116765183463159,5449.770199999969,113.74070588984887
5472.014159999969,3.1090984253187752,5472.014159999969,114.18895255665038
5494.258119999969,2.0625862355676867,5494.258119999969,114.53824046822707
5516.502079999968,0.9783966396376609,5516.502079999968,114.81455990003978
5538.746039999968,-0.14204134517327255,5538.746039999968,115.03697591841009
5560.989999999968,-1.2971827138853216,5560.989999999968,115.21945091488139
5583.233959999968,-2.411752676965678,5583.233959999968,115.33012619604717
5605.4779199999675,-3.418329276733392,5605.4779199999675,115.34730123869844
5627.721879999967,-4.329933163084767,5627.721879999967,115.29856757512603
5649.965839999967,-5.15758816061066,5649.965839999967,115.20371586889239
5672.209799999967,-5.910713332488881,5672.209799999967,115.07689231611552
5694.453759999967,-6.59867594568609,5694.453759999967,114.88569789874342
5716.6977199999665,-7.230432977997856,5716.6977199999665,114.60637031089453
5738.941679999966,-7.813189445778502,5738.941679999966,114.26386134267784
5761.185639999966,-8.352946842802053,5761.185639999966,113.8760672212207
5783.429599999966,-8.854761716719793,5783.429599999966,113.45580021662286
5805.673559999966,-9.324155920073686,5805.673559999966,112.97067259057894
5827.917519999965,-9.766699715139868,5827.917519999965,112.39680459255212
5850.161479999965,-10.186645787866562,5850.161479999965,111.75799148437805
5872.405439999965,-10.587399242317254,5872.405439999965,111.07131475675556
5894.649399999965,-10.971723567853694,5894.649399999965,110.34902548411488
5916.893359999965,-11.343052736590208,5916.893359999965,109.55989227873393
5939.137319999964,-11.705076216079288,5939.137319999964,108.6806405484593
5961.381279999964,-12.060413397221637,5961.381279999964,107.73374447678941
5983.625239999964,-12.411031149636008,5983.625239999964,106.73536646619151
6005.869199999964,-12.758420300101347,6005.869199999964,105.69712181265568
6028.1131599999635,-13.104810848351082,6028.1131599999635,104.58946294856021
6050.357119999963,-13.452784341894786,6050.357119999963,103.39002643274404
6072.601079999963,-13.804025379357757,6072.601079999963,102.11953496213121
6094.845039999963,-14.15969225354952,6094.845039999963,100.79292824429892
6117.088999999963,-14.520570937193744,6117.088999999963,99.42096141969503
6139.332959999962,-14.888182943204606,6139.332959999962,97.97616683972839
6161.576919999962,-15.26443916589132,6161.576919999962,96.43733002661814
6183.820879999962,-15.650495056228998,6183.820879999962,94.82297800698151
6206.064839999962,-16.047073844401808,6206.064839999962,93.14649301220058
6228.308799999962,-16.454600027154726,6228.308799999962,91.41750539837216
6250.552759999961,-16.87418641500128,6250.552759999961,89.61095612349375
6272.796719999961,-17.30733860503056,6272.796719999961,87.70699429058516
6295.040679999961,-17.75493534554783,6295.040679999961,85.72152882041377
6317.284639999961,-18.217502260274518,6317.284639999961,83.66603380150508
6339.5285999999605,-18.695325353099783,6339.5285999999605,81.54871136791219
6361.77255999996,-19.189303754871236,6361.77255999996,79.34715895911047
6384.01651999996,-19.70071102977111,6384.01651999996,77.0430687804914
6406.26047999996,-20.230318648424195,6406.26047999996,74.64932579241265
6428.50443999996,-20.77861820742961,6428.50443999996,72.17511700358827
6450.7483999999595,-21.345915320831228,6450.7483999999595,69.6268557103127
6472.992359999959,-21.933035806379937,6472.992359999959,66.98493379246726
6495.236319999959,-22.54114776162938,6495.236319999959,64.23270444949897
6517.480279999959,-23.171042889449986,6517.480279999959,61.379622094117664
6539.724239999959,-23.82330598097545,6539.724239999959,58.432158631634195
6561.968199999958,-24.498390016130255,6561.968199999958,55.394495298003655
6584.212159999958,-25.197165393504424,6584.212159999958,52.24980978454992
6606.456119999958,-25.920804825835656,6606.456119999958,48.98313587777506
6628.700079999958,-26.670234232019766,6628.700079999958,45.60006272460139
6650.944039999958,-27.446249294153574,6650.944039999958,42.10384185812139
6673.187999999957,-28.249573336068718,6673.187999999957,38.49586511115543
6695.431959999957,-29.081108914594207,6695.431959999957,34.761899102320406
6717.675919999957,-29.942028663687285,6717.675919999957,30.888537725379898
6739.919879999957,-30.833535989871255,6739.919879999957,26.87701066556201
6762.1638399999565,-31.75678599227793,6762.1638399999565,22.726738235883687
6784.407799999956,-32.71292867385337,6784.407799999956,18.435623338975766
6806.651759999956,-33.70190752745851,6806.651759999956,13.991608864113285
6828.895719999956,-34.723988768806024,6828.895719999956,9.382575725206877
6851.139679999956,-35.78097875805969,6851.139679999956,4.604847611292734
6873.383639999955,-36.87471008046457,6873.383639999955,-0.3466850862197175
6895.627599999955,-38.00707461599574,6895.627599999955,-5.478405632614268
6917.871559999955,-39.17364015848402,6917.871559999955,-10.613801299160832
6940.115519999955,-40.36677611485375,6940.115519999955,-15.595255326896638
6962.359479999955,-41.5826376040683,6962.359479999955,-20.46371293773432
6984.603439999954,-42.81849985643465,6984.603439999954,-25.25331013226542
7006.847399999954,-44.07254058232445,7006.847399999954,-29.992847355857148
7029.091359999954,-45.3410279781471,7029.091359999954,-34.51819762787793
7051.335319999954,-46.61710429710673,7051.335319999954,-38.67688838835743
7073.5792799999535,-47.8938466852424,7073.5792799999535,-42.51448245068466
7095.823239999953,-49.165685455331705,7095.823239999953,-46.069028634192875
7118.067199999953,-50.42815193269685,7118.067199999953,-49.372587300042554
7140.311159999953,-51.67767663314127,7140.311159999953,-52.45239159969925
7162.555119999953,-52.91142669422001,7162.555119999953,-55.33174352664181
7184.7990799999525,-54.127174195539496,7184.7990799999525,-58.03071387054654
7207.043039999952,-55.323188976788224,7207.043039999952,-60.56669510640853
7229.286999999952,-56.49815101857899,7229.286999999952,-62.9548425659494
7251.530959999952,-57.6510785407621,7251.530959999952,-65.20842974251607
7273.774919999952,-58.78126879767295,7273.774919999952,-67.3391368862243
7296.018879999951,-59.88824918063929,7296.018879999951,-69.3572872578685
7318.262839999951,-60.97173672503359,7318.262839999951,-71.27204193938164
7340.506799999951,-62.03160449811368,7340.506799999951,-73.091561551753
7362.750759999951,-63.067853640966355,7362.750759999951,-74.82314134099308
7384.994719999951,-64.0805900722862,7384.994719999951,-76.47332467482008
7407.23867999995,-65.07000504780943,7407.23867999995,-78.04799891867087
7429.48263999995,-66.03635891775188,7429.48263999995,-79.55247683853075
7451.72659999995,-66.97996754374728,7451.72659999995,-80.99156604494868
7473.97055999995,-67.90119093280218,7473.97055999995,-82.36962850048302
7496.2145199999495,-68.80042372349807,7496.2145199999495,-83.69063172740522
7518.458479999949,-69.67808722282058,7518.458479999949,-84.9581930484904
7540.702439999949,-70.53462274350261,7540.702439999949,-86.17561795233394
7562.946399999949,-71.37048603392428,7562.946399999949,-87.34593348174454
7585.190359999949,-72.18614262723109,7585.190359999949,-88.47191738870866
7607.4343199999485,-72.98206396484647,7607.4343199999485,-89.55612367407127
7629.678279999948,-73.7587241731128,7629.678279999948,-90.6009050281986
7651.922239999948,-74.51659739131014,7651.922239999948,-91.6084326056626
7674.166199999948,-75.25615556551166,7674.166199999948,-92.58071349866935
7696.410159999948,-75.97786663623152,7696.410159999948,-93.5196062176153
7718.654119999947,-76.68219305908694,7718.654119999947,-94.42683444049132
7740.898079999947,-77.3695906071189,7740.898079999947,-95.30399925404183
7763.142039999947,-78.04050741131654,7763.142039999947,-96.15259007717432
7785.385999999947,-78.69538320252589,7785.385999999947,-96.9739944299444
7807.629959999947,-79.33464872350835,7807.629959999947,-97.76950668858177
7829.873919999946,-79.95872528462405,7829.873919999946,-98.54033594772304
7852.117879999946,-80.56802444059215,7852.117879999946,-99.28761309466641
7874.361839999946,-81.16294776914538,7874.361839999946,-100.0123971865691
7896.605799999946,-81.74378319598614,7896.605799999946,-100.71568007519112
7918.8497599999455,-82.31102265928675,7918.8497599999455,-101.39839290188982
7941.093719999945,-82.86503679025716,7941.093719999945,-102.06141189945262
7963.337679999945,-83.4061861185929,7963.337679999945,-102.7055614237537
7985.581639999945,-83.93482115622128,7985.581639999945,-103.33161785170765
8007.825599999945,-84.45128251499945,8007.825599999945,-103.94031313017898
8030.069559999944,-84.95590105208497,8030.069559999944,-104.53233801184328
8052.313519999944,-85.44899803762846,8052.313519999944,-105.10834500980609
8074.557479999944,-85.93088534023295,8074.557479999944,-105.66895109913794
8096.801439999944,-86.40186562630417,8096.801439999944,-106.21474019030265
8119.045399999944,-86.86223256999912,8119.045399999944,-106.7462653966737
8141.289359999943,-87.31227107097952,8141.289359999943,-107.26405111589683
8163.533319999943,-87.7522574776049,8163.533319999943,-107.76859494271723
8185.777279999943,-88.18245981356759,8185.777279999943,-108.26036942900849
8208.021239999944,-88.60313800628693,8208.021239999944,-108.73982370508182
8230.265199999943,-89.01454411565034,8230.265199999943,-109.2073849748906
8252.509159999943,-89.41692256192155,8252.509159999943,-109.66345989645114
8274.753119999943,-89.81051035183437,8274.753119999943,-110.10843585765268
8296.997079999943,-90.19553730206228,8296.997079999943,-110.54268215661344
8319.241039999943,-90.57222625939976,8319.241039999943,-110.96655109483429
8341.484999999942,-90.94079331711691,8341.484999999942,-111.38037899059672
8363.728959999942,-91.30144802705651,8363.728959999942,-111.78448711933439
8385.972919999942,-91.65439360713385,8385.972919999942,-112.17918258706617
8408.216879999942,-91.99982714397895,8408.216879999942,-112.56475914240634
8430.460839999942,-92.3379397905265,8430.460839999942,-112.94149793215402
8452.704799999941,-92.66891695841663,8452.704799999941,-113.30966820500417
8474.948759999941,-92.9929385051172,8474.948759999941,-113.66952796750978
8497.19271999994,-93.31017891571928,8497.19271999994,-114.02132459605312
8519.43667999994,-93.620807479392,8519.43667999994,-114.36529540825046
8541.68063999994,-93.92498846051157,8541.68063999994,-114.7016681969131
8563.92459999994,-94.2228812645035,8563.92459999994,-115.03066172941601
8586.16855999994,-94.51464059845692,8586.16855999994,-115.35248621508012
8608.41251999994,-94.80041662658668,8608.41251999994,-115.66734374295223
8630.65647999994,-95.08035512063171,8630.65647999994,-115.97542869216572
8652.90043999994,-95.35459760528963,8652.90043999994,-116.276928116883
8675.14439999994,-95.62328149879569,8675.14439999994,-116.57202210765556
8697.388359999939,-95.88654024876085,8697.388359999939,-116.86088413088737
8719.632319999939,-96.14450346338892,8719.632319999939,-117.14368134795117
8741.876279999939,-96.39729703819614,8741.876279999939,-117.42057491538256
8764.120239999938,-96.64504327835918,8764.120239999938,-117.69172026746438
8786.364199999938,-96.8878610168185,8786.364199999938,-117.95726738241018
8808.608159999938,-97.12586572826505,8808.608159999938,-118.21736103326194
8830.852119999938,-97.35916963913759,8830.852119999938,-118.47214102453087
8853.096079999938,-97.58788183375763,8853.096079999938,-118.72174241553182
8875.340039999937,-97.81210835672711,8875.340039999937,-118.96629573128988
8897.583999999937,-98.03195231171244,8897.583999999937,-119.20592716183161
8919.827959999937,-98.24751395673687,8919.827959999937,-119.44075875061357
8942.071919999937,-98.45889079609971,8942.071919999937,-119.67090857278473
8964.315879999936,-98.66617766903975,8964.315879999936,-119.89649090392905
8986.559839999936,-98.8694668352562,8986.559839999936,-120.11761637988774
9008.803799999936,-99.06884805739838,9008.803799999936,-120.33439214821733
9031.047759999936,-99.26440868063219,9031.047759999936,-120.54692201180082
9053.291719999936,-99.45623370938804,9053.291719999936,-120.75530656509216
9075.535679999935,-99.64440588139263,9075.535679999935,-120.9596433234413
9097.779639999935,-99.82900573908263,9097.779639999935,-121.16002684591574
9120.023599999935,-100.01011169849656,9120.023599999935,-121.35654885200603
9142.267559999935,-100.18780011573706,9142.267559999935,-121.54929833257665
9164.511519999935,-100.36214535109315,9164.511519999935,-121.73836165539878
9186.755479999934,-100.53321983090895,9186.755479999934,-121.9238226655793
9208.999439999934,-100.70109410728243,9208.999439999934,-122.10576278117962
9231.243399999934,-100.86583691567469,9231.243399999934,-122.28426108429827
9253.487359999934,-101.02751523050755,9253.487359999934,-122.45939440787346
9275.731319999933,-101.18619431882443,9275.731319999933,-122.6312374184455
9297.975279999933,-101.34193779208671,9297.975279999933,-122.79986269510303
9320.219239999933,-101.49480765617518,9320.219239999933,-122.96534080482334
9342.463199999933,-101.64486435966357,9342.463199999933,-123.12774037440334
9364.707159999933,-101.7921668404288,9364.707159999933,-123.28712815916556
9386.951119999932,-101.93677257065987,9386.951119999932,-123.44356910861225
9409.195079999932,-102.07873760032534,9409.195079999932,-123.59712642918976
9431.439039999932,-99.3152622109797,9431.439039999932,-123.7161961472878
9453.682999999932,-93.7461892434731,9453.682999999932,-123.7398068986095
9475.926959999932,-88.37988254336061,9475.926959999932,-123.6432260323184
9498.170919999931,-83.22150350819088,9498.170919999931,-123.43554589682164
9520.414879999931,-78.26985803634994,9520.414879999931,-123.12556965907616
9542.658839999931,-73.52324451741488,9542.658839999931,-122.72175669752366
9564.90279999993,-68.97941972501864,9564.90279999993,-122.2322308521731
9587.14675999993,-64.64361566877767,9587.14675999993,-121.66487315449234
9609.39071999993,-60.52001004989518,9609.39071999993,-121.0274033908737
9631.63467999993,-56.60368706802418,9631.63467999993,-120.32727606356997
9653.87863999993,-52.889179306271856,9653.87863999993,-119.57158443361928
9676.12259999993,-49.37051793217994,9676.12259999993,-118.76703809977529
9698.36655999993,-46.04434695447904,9698.36655999993,-117.726732128908
9720.61051999993,-42.90265084046148,9720.61051999993,-116.2713984589738
9742.854479999929,-39.93023839465026,9742.854479999929,-114.42253488779056
9765.098439999929,-37.11261404085646,9765.098439999929,-112.2011679822707
9787.342399999929,-34.43603440023489,9787.342399999929,-109.62800826924273
9809.586359999928,-31.89454849135771,9809.586359999928,-106.53359381325268
9831.830319999928,-29.478517563638544,9831.830319999928,-102.75760979576539
9854.074279999928,-27.168182536546862,9854.074279999928,-98.33954577960588
9876.318239999928,-24.945728939654707,9876.318239999928,-93.32039923341738
9898.562199999928,-22.795291722861045,9898.562199999928,-87.74321809252316
9920.806159999927,-20.71260124450052,9920.806159999927,-81.6627091321965
9943.050119999927,-18.694671228810662,9943.050119999927,-75.13612194698626
9965.294079999927,-16.730129674498,9965.294079999927,-68.21428263888102
9987.538039999927,-14.809490032994145,9987.538039999927,-60.951089809268225
10009.781999999926,-12.925110715552066,10009.781999999926,-53.40340231271312
10032.025959999926,-11.080616139549536,10032.025959999926,-45.64551100515021
10054.269919999926,-9.280757106776303,10054.269919999926,-37.75257296466933
10076.513879999926,-7.521823740744147,10076.513879999926,-29.784728143225678
10098.757839999926,-5.8015762617005,10098.757839999926,-21.801763980992583
10121.001799999925,-4.119101654213838,10121.001799999925,-13.861851651910705
10143.245759999925,-2.4838017802035166,10143.245759999925,-6.040206168296884
10165.489719999925,-0.9055291232940088,10165.489719999925,1.5946662964146674
10187.733679999925,0.6148097939772851,10187.733679999925,9.002428017987544
10209.977639999925,2.075824755292666,10209.977639999925,16.14966042691459
10232.221599999924,3.4758439788995843,10232.221599999924,23.01042538703576
10254.465559999924,4.8044129865618395,10254.465559999924,29.541811921570844
10276.709519999924,6.051600505210619,10276.709519999924,35.712354912215005
10298.953479999924,7.216899471573755,10298.953479999924,41.526108832818785
10321.197439999924,8.300257196486799,10321.197439999924,46.99309648540231
10343.441399999923,9.30212666243632,10343.441399999923,52.12814060773686
10365.685359999923,10.21538522373221,10365.685359999923,56.92089888820924
10387.929319999923,11.03376531822319,10387.929319999923,61.36900010903986
10410.173279999923,11.760008224237067,10410.173279999923,65.50516384617562
10432.417239999922,12.397432189756916,10432.417239999922,69.36136435729891
10454.661199999922,12.949815038292689,10454.661199999922,72.96803406437732
10476.905159999922,13.413887959885933,10476.905159999922,76.32114595475284
10499.149119999922,13.78683218857571,10499.149119999922,79.42132229937441
10521.393079999922,14.073683551653291,10521.393079999922,82.30492334562847
10543.637039999921,14.279713420076677,10543.637039999921,85.00356785305888
10565.880999999921,14.410280246737281,10565.880999999921,87.54443702449993
10588.124959999921,14.464138728516607,10588.124959999921,89.91517564383292
10610.36891999992,14.439994368691474,10610.36891999992,92.10825419795914
10632.61287999992,14.343152061265343,10632.61287999992,94.15525246875
10654.85683999992,14.178915508356924,10654.85683999992,96.08198410980906
10677.10079999992,13.95246314757776,10677.10079999992,97.90941213891197
10699.34475999992,13.663105260179504,10699.34475999992,99.61636891793158
10721.58871999992,13.309804774076838,10721.58871999992,101.18795770805427
10743.83267999992,12.896976193640889,10743.83267999992,102.65212462436429
10766.07663999992,12.429006299031338,10766.07663999992,104.0307890516464
10788.320599999919,11.910140677193684,10788.320599999919,105.3410683315775
10810.564559999919,11.339755967247592,10810.564559999919,106.55613140568943
10832.808519999919,10.71673506121294,10832.808519999919,107.65668321067966
10855.052479999918,10.04430596900915,10855.052479999918,108.66921624417849
10877.296439999918,9.325751373389698,10877.296439999918,109.61389970583787
10899.540399999918,8.56428713820343,10899.540399999918,110.50603838081229
10921.784359999918,7.759405275014737,10921.784359999918,111.31559014798663
10944.028319999918,6.910017558372902,10944.028319999918,112.02087929859896
10966.272279999917,6.018243585500927,10966.272279999917,112.64802680607953
10988.516239999917,5.086365548185065,10988.516239999917,113.21649215737956
11010.760199999917,4.116691875880274,11010.760199999917,113.74073572763594
11033.004159999917,3.1090230361370623,11033.004159999917,114.18897574956723
11055.248119999917,2.0625087871045995,11055.248119999917,114.53825876716553
11077.492079999916,0.9783171782285124,11077.492079999916,114.8145745899589
11099.736039999916,-0.14212276004281732,11099.736039999916,115.03698794054628
11121.97699,-1.297112448498576,11121.97699,115.21944112376906
11121.979999999916,-1.2972710540408454,11121.979999999916,115.21946351302276
11121.98,-1.2972710540452543,11121.98,115.21946351302338
