Type,Value,Type,Value,Type,Value,Type,Value,Type,Value,Type,Value,Type,Value,Type,Value,Type,Value,Type,Value,Type,Value,Type,Value,Type,Value,Type,Value,Type,Value,Type,Value,Type,Value,Type,Value
Data Source,StandardOrbit,Data Source,StandardOrbit,Data Source,StandardOrbit,Data Source,StandardOrbit,Data Source,StandardOrbit,Data Source,StandardOrbit,Data Source,StandardOrbit,Data Source,StandardOrbit,Data Source,StandardOrbit,Data Source,StandardOrbit,Data Source,StandardOrbit,Data Source,StandardOrbit,Data Source,StandardOrbit,Data Source,StandardOrbit,Data Source,StandardOrbit,Data Source,StandardOrbit,Data Source,StandardOrbit,Data Source,StandardOrbit
Element,Box:face1,Element,Box:face1,Element,Box:face1,Element,Box:face3,Element,Box:face3,Element,Box:face3,Element,Box:face5,Element,Box:face5,Element,Box:face5,Element,Box:face7,Element,Box:face7,Element,Box:face7,Element,Box:face9,Element,Box:face9,Element,Box:face9,Element,Box:face11,Element,Box:face11,Element,Box:face11
,,,,,,,,,,,,,,,,,,,,,,,,,,,,,,,,,,,
,,,,,,,,,,,,,,,,,,,,,,,,,,,,,,,,,,,
Time[s],Albedo Absorbed Heat Power,Time[s],Planet Absorbed Heat Power,Time[s],Solar Absorbed Heat Power,Time[s],Albedo Absorbed Heat Power,Time[s],Planet Absorbed Heat Power,Time[s],Solar Absorbed Heat Power,Time[s],Albedo Absorbed Heat Power,Time[s],Planet Absorbed Heat Power,Time[s],Solar Absorbed Heat Power,Time[s],Albedo Absorbed Heat Power,Time[s],Planet Absorbed Heat Power,Time[s],Solar Absorbed Heat Power,Time[s],Albedo Absorbed Heat Power,Time[s],Planet Absorbed Heat Power,Time[s],Solar Absorbed Heat Power,Time[s],Albedo Absorbed Heat Power,Time[s],Planet Absorbed Heat Power,Time[s],Solar Absorbed Heat Power
0.0,0.5684299925532497,0.0,0.3148463994066998,0.0,0.0,0.0,0.5746067670828814,0.0,0.3181112181022798,0.0,0.0,0.0,0.0,0.0,0.0,0.0,7.067656235029062,0.0,0.5837816824263593,0.0,0.32322168013385955,0.0,0.0,0.0,1.853665974923076,0.0,1.0220182130339817,0.0,0.0,0.0,0.5696104021504167,0.0,0.3153528926320223,0.0,0.0
113.49153348510141,0.5570643040890533,113.49153348510141,0.3148463994066997,113.49153348510141,0.0,113.49153348510141,0.5701476032546271,113.49153348510141,0.3181112181022798,113.49153348510141,0.0,113.49153348510141,0.0,113.49153348510141,0.0,113.49153348510141,7.011920468599319,113.49153348510141,0.5791505087857506,113.49153348510141,0.32322168013385955,113.49153348510141,0.0,113.49153348510141,1.8392485344996503,113.49153348510141,1.0220182130339817,113.49153348510141,0.0,113.49153348510141,0.5719100878138481,113.49153348510141,0.3153528926320224,113.49153348510141,0.8858532601863458
226.98306697020283,0.5369125792305331,226.98306697020283,0.3148463994066998,226.98306697020283,0.0,226.98306697020283,0.556696047567222,226.98306697020283,0.3181112181022798,226.98306697020283,0.0,226.98306697020283,0.0,226.98306697020283,0.0,226.98306697020283,6.845592399744578,226.98306697020283,0.5653849491574436,226.98306697020283,0.32322168013385955,226.98306697020283,0.0,226.98306697020283,1.7958223892415304,226.98306697020283,1.0220182130339817,226.98306697020283,0.0,226.98306697020283,0.5651895786877033,226.98306697020283,0.3153528926320223,226.98306697020283,1.7577341531357742
340.47460045530426,0.5082926944494796,340.47460045530426,0.3148463994066997,340.47460045530426,0.0,340.47460045530426,0.5344642972319789,340.47460045530426,0.3181112181022798,340.47460045530426,0.0,340.47460045530426,0.0,340.47460045530426,0.0,340.47460045530426,6.571295838439042,340.47460045530426,0.5427021539169108,340.47460045530426,0.32322168013385955,340.47460045530426,0.0,340.47460045530426,1.7240725830332742,340.47460045530426,1.0220182130339817,340.47460045530426,0.0,340.47460045530426,0.5495549051164422,340.47460045530426,0.31535289263202243,340.47460045530426,2.601890785612594
453.96613394040565,0.4716561067376237,453.96613394040565,0.31484639940669945,453.96613394040565,0.0,453.96613394040565,0.5038030531748336,453.96613394040565,0.31811121810227955,453.96613394040565,0.0,453.96613394040565,0.0,453.96613394040565,0.0,453.96613394040565,6.193357750081758,453.96613394040565,0.5114599389010158,453.96613394040565,0.32322168013385916,453.96613394040565,0.0,453.96613394040565,1.625130953067646,453.96613394040565,1.0220182130339814,453.96613394040565,0.0,453.96613394040565,0.5252527154246284,453.96613394040565,0.315352892632022,453.96613394040565,3.405008727747685
567.457667425507,0.42758072730442775,567.457667425507,0.3148463994066998,567.457667425507,0.0,567.457667425507,0.4651959834319497,567.457667425507,0.3181112181022798,567.457667425507,0.0,567.457667425507,0.0,567.457667425507,0.0,567.457667425507,5.717739944725149,567.457667425507,0.47215113649268886,567.457667425507,0.32322168013385955,567.457667425507,0.0,567.457667425507,1.5005582612494532,567.457667425507,1.0220182130339817,567.457667425507,0.0,567.457667425507,0.4926663810860791,567.457667425507,0.3153528926320223,567.457667425507,4.154421088555367
680.9492009106085,0.376761799380937,680.9492009106085,0.31484639940669956,680.9492009106085,0.0,680.9492009106085,0.4192520877547024,680.9492009106085,0.31811121810227955,680.9492009106085,0.0,680.9492009106085,0.0,680.9492009106085,0.0,680.9492009106085,5.151944961454197,680.9492009106085,0.425395815567475,680.9492009106085,0.3232216801338592,680.9492009106085,0.0,680.9492009106085,1.3523195553304401,680.9492009106085,1.0220182130339814,680.9492009106085,0.0,680.9492009106085,0.4523099437238613,680.9492009106085,0.315352892632022,680.9492009106085,4.838308358371761
794.4407343957099,0.32000092450711964,794.4407343957099,0.3148463994066998,794.4407343957099,0.0,794.4407343957099,0.366696084320405,794.4407343957099,0.3181112181022798,794.4407343957099,0.0,794.4407343957099,0.0,794.4407343957099,0.0,794.4407343957099,4.504897638119629,794.4407343957099,0.37193149348794285,794.4407343957099,0.32322168013385955,794.4407343957099,0.0,794.4407343957099,1.1827531498986732,794.4407343957099,1.0220182130339817,794.4407343957099,0.0,794.4407343957099,0.4048199998408378,794.4407343957099,0.3153528926320223,794.4407343957099,5.445884861674211
907.9322678808113,0.2581934109499861,907.9322678808113,0.3148463994066997,907.9322678808113,0.0,907.9322678808113,0.3083569707217841,907.9322678808113,0.3181112181022798,907.9322678808113,0.0,907.9322678808113,0.0,907.9322678808113,0.0,907.9322678808113,3.7868042410972294,907.9322678808113,0.3126014950837215,907.9322678808113,0.32322168013385955,907.9322678808113,0.0,907.9322678808113,0.9945337182357845,907.9322678808113,1.0220182130339817,907.9322678808113,0.0,907.9322678808113,0.35094565179933906,907.9322678808113,0.31535289263202243,907.9322678808113,5.967568876531481
1021.4238013659128,0.19231414439441513,1021.4238013659128,0.3148463994066998,1021.4238013659128,0.0,1021.4238013659128,0.24515494024946305,1021.4238013659128,0.3181112181022799,1021.4238013659128,0.0,1021.4238013659128,0.0,1021.4238013659128,0.0,1021.4238013659128,3.0089913842370093,1021.4238013659128,0.24834164282721938,1021.4238013659128,0.3232216801338595,1021.4238013659128,0.0,1021.4238013659128,0.7906300790870764,1021.4238013659128,1.0220182130339819,1021.4238013659128,0.0,1021.4238013659128,0.2915366841270054,1021.4238013659128,0.3153528926320223,1021.4238013659128,6.3951337363746745
1134.9153348510142,0.12343942285118663,1134.9153348510142,0.3148463994066998,1134.9153348510142,0.0,1134.9153348510142,0.1780899024666827,1134.9153348510142,0.3181112181022798,1134.9153348510142,0.0,1134.9153348510142,0.0,1134.9153348510142,0.0,1134.9153348510142,2.1837272850180995,1134.9153348510142,0.18016900337887468,1134.9153348510142,0.32322168013385955,1134.9153348510142,0.0,1134.9153348510142,0.574277190546561,1134.9153348510142,1.0220182130339817,1134.9153348510142,0.0,1134.9153348510142,0.22753015223787035,1134.9153348510142,0.3153528926320223,1134.9153348510142,6.7218375315990295
1248.4068683361158,0.05521874926331409,1248.4068683361158,0.31484639940670023,1248.4068683361158,0.0,1248.4068683361158,0.10868439958475036,1248.4068683361158,0.3181112181022799,1248.4068683361158,0.0,1248.4068683361158,0.0,1248.4068683361158,0.0,1248.4068683361158,1.3240281841290056,1248.4068683361158,0.10956835994818331,1248.4068683361158,0.3232216801338594,1248.4068683361158,0.0,1248.4068683361158,0.3501714063863745,1248.4068683361158,1.0220182130339819,1248.4068683361158,0.0,1248.4068683361158,0.15993559568023868,1248.4068683361158,0.3153528926320221,1248.4068683361158,6.942529367900557
1361.8984018212172,0.005223495120356893,1361.8984018212172,0.3148463994067005,1361.8984018212172,0.0,1361.8984018212172,0.042356692197110545,1361.8984018212172,0.31811121810227994,1361.8984018212172,0.0,1361.8984018212172,0.0,1361.8984018212172,0.0,1361.8984018212172,0.44345298783854,1361.8984018212172,0.04212017774079368,1361.8984018212172,0.3232216801338593,1361.8984018212172,0.0,1361.8984018212172,0.13347243608423295,1361.8984018212172,1.0220182130339814,1361.8984018212172,0.0,1361.8984018212172,0.08981910966198907,1361.8984018212172,0.3153528926320216,1361.8984018212172,7.0537305097451934
1475.3899353063186,0.0,1475.3899353063186,0.3148463994066997,1475.3899353063186,0.0,1475.3899353063186,0.005702742489318132,1475.3899353063186,0.3181112181022799,1475.3899353063186,0.0,1475.3899353063186,0.0,1475.3899353063186,0.0,1475.3899353063186,0.0,1475.3899353063186,0.006032109231423959,1475.3899353063186,0.3232216801338594,1475.3899353063186,0.0,1475.3899353063186,0.015417262361135215,1475.3899353063186,1.0220182130339817,1475.3899353063186,0.44411062297244774,1475.3899353063186,0.023642519369892763,1475.3899353063186,0.3153528926320223,1475.3899353063186,7.05368913485043
1588.88146879142,0.0,1588.88146879142,0.31484639940669956,1588.88146879142,0.0,1588.88146879142,4.792097087599768E-4,1588.88146879142,0.31811121810228,1588.88146879142,0.0,1588.88146879142,0.0,1588.88146879142,0.0,1588.88146879142,0.0,1588.88146879142,4.713760364443975E-4,1588.88146879142,0.32322168013385955,1588.88146879142,0.0,1588.88146879142,0.0011084592862193236,1588.88146879142,1.0220182130339819,1588.88146879142,1.3246652402266483,1588.88146879142,0.0024331926594358126,1588.88146879142,0.3153528926320225,1588.88146879142,6.942407842952357
1702.3730022765214,0.0,1702.3730022765214,0.31484639940669956,1702.3730022765214,0.0,1702.3730022765214,3.763107604294444E-6,1702.3730022765214,0.31811121810228,1702.3730022765214,0.0,1702.3730022765214,0.0,1702.3730022765214,0.0,1702.3730022765214,0.0,1702.3730022765214,3.210270039989452E-6,1702.3730022765214,0.32322168013385955,1702.3730022765214,0.0,1702.3730022765214,1.4083980565648663E-5,1702.3730022765214,1.0220182130339819,1702.3730022765214,2.1843244761000036,1702.3730022765214,3.337426790499322E-5,1702.3730022765214,0.3153528926320225,1702.3730022765214,6.721643492454452
1761.3361701961744,0.0,1761.3361701961744,0.3148463994066993,1761.3361701961744,0.0,1761.3361701961744,0.0,1761.3361701961744,0.3181112181022796,1761.3361701961744,0.0,1761.3361701961744,0.0,1761.3361701961744,0.0,1761.3361701961744,0.0,1761.3361701961744,0.0,1761.3361701961744,0.32322168013385916,1761.3361701961744,0.0,1761.3361701961744,0.0,1761.3361701961744,1.0220182130339814,1761.3361701961744,2.6181888475429425,1761.3361701961744,0.0,1761.3361701961744,0.31535289263202226,1761.3361701961744,6.564819252282789
1769.2175266881952,0.0,1769.2175266881952,0.3148463994066998,1769.2175266881952,0.0,1769.2175266881952,0.0,1769.2175266881952,0.31811121810227994,1769.2175266881952,0.0,1769.2175266881952,0.0,1769.2175266881952,0.0,1769.2175266881952,0.0,1769.2175266881952,0.0,1769.2175266881952,0.3232216801338594,1769.2175266881952,0.0,1769.2175266881952,0.0,1769.2175266881952,1.0220182130339819,1769.2175266881952,0.0,1769.2175266881952,0.0,1769.2175266881952,0.3153528926320223,1769.2175266881952,0.0
1815.864535761623,0.0,1815.864535761623,0.3148463994066993,1815.864535761623,0.0,1815.864535761623,0.0,1815.864535761623,0.3181112181022796,1815.864535761623,0.0,1815.864535761623,0.0,1815.864535761623,0.0,1815.864535761623,0.0,1815.864535761623,0.0,1815.864535761623,0.32322168013385916,1815.864535761623,0.0,1815.864535761623,0.0,1815.864535761623,1.0220182130339814,1815.864535761623,0.0,1815.864535761623,0.0,1815.864535761623,0.31535289263202226,1815.864535761623,0.0
1929.3560692467245,0.0,1929.3560692467245,0.3148463994066997,1929.3560692467245,0.0,1929.3560692467245,0.0,1929.3560692467245,0.31811121810227994,1929.3560692467245,0.0,1929.3560692467245,0.0,1929.3560692467245,0.0,1929.3560692467245,0.0,1929.3560692467245,0.0,1929.3560692467245,0.3232216801338595,1929.3560692467245,0.0,1929.3560692467245,0.0,1929.3560692467245,1.0220182130339817,1929.3560692467245,0.0,1929.3560692467245,0.0,1929.3560692467245,0.31535289263202243,1929.3560692467245,0.0
2042.8476027318256,0.0,2042.8476027318256,0.3148463994066997,2042.8476027318256,0.0,2042.8476027318256,0.0,2042.8476027318256,0.3181112181022799,2042.8476027318256,0.0,2042.8476027318256,0.0,2042.8476027318256,0.0,2042.8476027318256,0.0,2042.8476027318256,0.0,2042.8476027318256,0.3232216801338594,2042.8476027318256,0.0,2042.8476027318256,0.0,2042.8476027318256,1.0220182130339817,2042.8476027318256,0.0,2042.8476027318256,0.0,2042.8476027318256,0.3153528926320223,2042.8476027318256,0.0
2156.339136216927,0.0,2156.339136216927,0.3148463994066998,2156.339136216927,0.0,2156.339136216927,0.0,2156.339136216927,0.31811121810227994,2156.339136216927,0.0,2156.339136216927,0.0,2156.339136216927,0.0,2156.339136216927,0.0,2156.339136216927,0.0,2156.339136216927,0.3232216801338594,2156.339136216927,0.0,2156.339136216927,0.0,2156.339136216927,1.0220182130339819,2156.339136216927,0.0,2156.339136216927,0.0,2156.339136216927,0.3153528926320223,2156.339136216927,0.0
2269.830669702028,0.0,2269.830669702028,0.3148463994066997,2269.830669702028,0.0,2269.830669702028,0.0,2269.830669702028,0.31811121810227994,2269.830669702028,0.0,2269.830669702028,0.0,2269.830669702028,0.0,2269.830669702028,0.0,2269.830669702028,0.0,2269.830669702028,0.3232216801338594,2269.830669702028,0.0,2269.830669702028,0.0,2269.830669702028,1.0220182130339817,2269.830669702028,0.0,2269.830669702028,0.0,2269.830669702028,0.3153528926320223,2269.830669702028,0.0
2383.322203187129,0.0,2383.322203187129,0.31484639940669956,2383.322203187129,0.0,2383.322203187129,0.0,2383.322203187129,0.3181112181022795,2383.322203187129,0.0,2383.322203187129,0.0,2383.322203187129,0.0,2383.322203187129,0.0,2383.322203187129,0.0,2383.322203187129,0.3232216801338593,2383.322203187129,0.0,2383.322203187129,0.0,2383.322203187129,1.0220182130339812,2383.322203187129,0.0,2383.322203187129,0.0,2383.322203187129,0.31535289263202204,2383.322203187129,0.0
2496.8137366722303,0.0,2496.8137366722303,0.31484639940670023,2496.8137366722303,0.0,2496.8137366722303,0.0,2496.8137366722303,0.3181112181022797,2496.8137366722303,0.0,2496.8137366722303,0.0,2496.8137366722303,0.0,2496.8137366722303,0.0,2496.8137366722303,0.0,2496.8137366722303,0.3232216801338596,2496.8137366722303,0.0,2496.8137366722303,0.0,2496.8137366722303,1.0220182130339819,2496.8137366722303,0.0,2496.8137366722303,0.0,2496.8137366722303,0.3153528926320221,2496.8137366722303,0.0
2610.305270157332,0.0,2610.305270157332,0.31484639940670034,2610.305270157332,0.0,2610.305270157332,0.0,2610.305270157332,0.3181112181022797,2610.305270157332,0.0,2610.305270157332,0.0,2610.305270157332,0.0,2610.305270157332,0.0,2610.305270157332,0.0,2610.305270157332,0.3232216801338595,2610.305270157332,0.0,2610.305270157332,0.0,2610.305270157332,1.0220182130339817,2610.305270157332,0.0,2610.305270157332,0.0,2610.305270157332,0.31535289263202204,2610.305270157332,0.0
2723.796803642433,0.0,2723.796803642433,0.3148463994067001,2723.796803642433,0.0,2723.796803642433,0.0,2723.796803642433,0.31811121810227966,2723.796803642433,0.0,2723.796803642433,0.0,2723.796803642433,0.0,2723.796803642433,0.0,2723.796803642433,0.0,2723.796803642433,0.3232216801338596,2723.796803642433,0.0,2723.796803642433,0.0,2723.796803642433,1.0220182130339817,2723.796803642433,0.0,2723.796803642433,0.0,2723.796803642433,0.31535289263202215,2723.796803642433,0.0
2837.2883371275343,0.0,2837.2883371275343,0.31484639940670045,2837.2883371275343,0.0,2837.2883371275343,0.0,2837.2883371275343,0.3181112181022796,2837.2883371275343,0.0,2837.2883371275343,0.0,2837.2883371275343,0.0,2837.2883371275343,0.0,2837.2883371275343,0.0,2837.2883371275343,0.32322168013385966,2837.2883371275343,0.0,2837.2883371275343,0.0,2837.2883371275343,1.0220182130339814,2837.2883371275343,0.0,2837.2883371275343,0.0,2837.2883371275343,0.31535289263202193,2837.2883371275343,0.0
2950.779870612635,0.0,2950.779870612635,0.31484639940669984,2950.779870612635,0.0,2950.779870612635,0.0,2950.779870612635,0.3181112181022799,2950.779870612635,0.0,2950.779870612635,0.0,2950.779870612635,0.0,2950.779870612635,0.0,2950.779870612635,0.0,2950.779870612635,0.3232216801338595,2950.779870612635,0.0,2950.779870612635,0.0,2950.779870612635,1.0220182130339819,2950.779870612635,0.0,2950.779870612635,0.0,2950.779870612635,0.31535289263202226,2950.779870612635,0.0
3064.271404097736,0.0,3064.271404097736,0.31484639940669945,3064.271404097736,0.0,3064.271404097736,0.0,3064.271404097736,0.31811121810227994,3064.271404097736,0.0,3064.271404097736,0.0,3064.271404097736,0.0,3064.271404097736,0.0,3064.271404097736,0.0,3064.271404097736,0.3232216801338596,3064.271404097736,0.0,3064.271404097736,0.0,3064.271404097736,1.0220182130339817,3064.271404097736,0.0,3064.271404097736,0.0,3064.271404097736,0.3153528926320225,3064.271404097736,0.0
3177.7629375828374,0.0,3177.7629375828374,0.3148463994066997,3177.7629375828374,0.0,3177.7629375828374,0.0,3177.7629375828374,0.3181112181022798,3177.7629375828374,0.0,3177.7629375828374,0.0,3177.7629375828374,0.0,3177.7629375828374,0.0,3177.7629375828374,0.0,3177.7629375828374,0.32322168013385955,3177.7629375828374,0.0,3177.7629375828374,0.0,3177.7629375828374,1.0220182130339817,3177.7629375828374,0.0,3177.7629375828374,0.0,3177.7629375828374,0.31535289263202243,3177.7629375828374,0.0
3291.254471067939,0.0,3291.254471067939,0.31484639940669984,3291.254471067939,0.0,3291.254471067939,0.0,3291.254471067939,0.3181112181022799,3291.254471067939,0.0,3291.254471067939,0.0,3291.254471067939,0.0,3291.254471067939,0.0,3291.254471067939,0.0,3291.254471067939,0.3232216801338595,3291.254471067939,0.0,3291.254471067939,0.0,3291.254471067939,1.0220182130339819,3291.254471067939,0.0,3291.254471067939,0.0,3291.254471067939,0.31535289263202226,3291.254471067939,0.0
3404.74600455304,0.0,3404.74600455304,0.3148463994066997,3404.74600455304,0.0,3404.74600455304,0.0,3404.74600455304,0.3181112181022798,3404.74600455304,0.0,3404.74600455304,0.0,3404.74600455304,0.0,3404.74600455304,0.0,3404.74600455304,0.0,3404.74600455304,0.32322168013385955,3404.74600455304,0.0,3404.74600455304,0.0,3404.74600455304,1.0220182130339817,3404.74600455304,0.0,3404.74600455304,0.0,3404.74600455304,0.31535289263202243,3404.74600455304,0.0
3518.2375380381413,0.0,3518.2375380381413,0.31484639940669984,3518.2375380381413,0.0,3518.2375380381413,0.0,3518.2375380381413,0.3181112181022799,3518.2375380381413,0.0,3518.2375380381413,0.0,3518.2375380381413,0.0,3518.2375380381413,0.0,3518.2375380381413,0.0,3518.2375380381413,0.3232216801338595,3518.2375380381413,0.0,3518.2375380381413,0.0,3518.2375380381413,1.0220182130339819,3518.2375380381413,0.0,3518.2375380381413,0.0,3518.2375380381413,0.31535289263202226,3518.2375380381413,0.0
3631.729071523242,0.0,3631.729071523242,0.3148463994066997,3631.729071523242,0.0,3631.729071523242,0.0,3631.729071523242,0.3181112181022798,3631.729071523242,0.0,3631.729071523242,0.0,3631.729071523242,0.0,3631.729071523242,0.0,3631.729071523242,0.0,3631.729071523242,0.32322168013385955,3631.729071523242,0.0,3631.729071523242,0.0,3631.729071523242,1.0220182130339817,3631.729071523242,0.0,3631.729071523242,0.0,3631.729071523242,0.31535289263202243,3631.729071523242,0.0
3745.220605008344,0.0,3745.220605008344,0.31484639940669984,3745.220605008344,0.0,3745.220605008344,0.0,3745.220605008344,0.3181112181022799,3745.220605008344,0.0,3745.220605008344,0.0,3745.220605008344,0.0,3745.220605008344,0.0,3745.220605008344,0.0,3745.220605008344,0.3232216801338595,3745.220605008344,0.0,3745.220605008344,0.0,3745.220605008344,1.0220182130339819,3745.220605008344,0.0,3745.220605008344,0.0,3745.220605008344,0.31535289263202226,3745.220605008344,0.0
3858.7121384934453,0.0,3858.7121384934453,0.31484639940669984,3858.7121384934453,0.0,3858.7121384934453,0.0,3858.7121384934453,0.3181112181022799,3858.7121384934453,0.0,3858.7121384934453,0.0,3858.7121384934453,0.0,3858.7121384934453,0.0,3858.7121384934453,0.0,3858.7121384934453,0.3232216801338595,3858.7121384934453,0.0,3858.7121384934453,0.0,3858.7121384934453,1.0220182130339819,3858.7121384934453,0.0,3858.7121384934453,0.0,3858.7121384934453,0.31535289263202226,3858.7121384934453,0.0
3905.3660745403467,0.0,3905.3660745403467,0.3148463994066998,3905.3660745403467,0.0,3905.3660745403467,0.0,3905.3660745403467,0.3181112181022799,3905.3660745403467,0.0,3905.3660745403467,0.0,3905.3660745403467,0.0,3905.3660745403467,0.0,3905.3660745403467,0.0,3905.3660745403467,0.3232216801338595,3905.3660745403467,0.0,3905.3660745403467,0.0,3905.3660745403467,1.0220182130339819,3905.3660745403467,0.0,3905.3660745403467,0.0,3905.3660745403467,0.3153528926320223,3905.3660745403467,0.0
3913.2474310323673,0.0,3913.2474310323673,0.3148463994066994,3913.2474310323673,6.564839332998742,3913.2474310323673,0.0,3913.2474310323673,0.31811121810227955,3913.2474310323673,0.0,3913.2474310323673,0.0,3913.2474310323673,0.0,3913.2474310323673,0.0,3913.2474310323673,0.0,3913.2474310323673,0.32322168013385916,3913.2474310323673,0.0,3913.2474310323673,0.0,3913.2474310323673,1.0220182130339812,3913.2474310323673,2.618138496803972,3913.2474310323673,0.0,3913.2474310323673,0.31535289263202226,3913.2474310323673,0.0
3972.2036719785465,3.702031787266098E-5,3972.2036719785465,0.31484639940670023,3972.2036719785465,6.721643492454452,3972.2036719785465,3.0233758491509566E-6,3972.2036719785465,0.3181112181022799,3972.2036719785465,0.0,3972.2036719785465,0.0,3972.2036719785465,0.0,3972.2036719785465,0.0,3972.2036719785465,3.4907771414309683E-6,3972.2036719785465,0.3232216801338594,3972.2036719785465,0.0,3972.2036719785465,1.873907440900142E-5,3972.2036719785465,1.0220182130339819,3972.2036719785465,2.184324476100004,3972.2036719785465,0.0,3972.2036719785465,0.3153528926320221,3972.2036719785465,0.0
4085.695205463647,0.002669160088248135,4085.695205463647,0.31484639940669984,4085.695205463647,6.942407842952357,4085.695205463647,4.728032655677213E-4,4085.695205463647,0.3181112181022799,4085.695205463647,0.0,4085.695205463647,0.0,4085.695205463647,0.0,4085.695205463647,0.0,4085.695205463647,4.190861841883018E-4,4085.695205463647,0.3232216801338595,4085.695205463647,0.0,4085.695205463647,0.0013375533242129419,4085.695205463647,1.0220182130339819,4085.695205463647,1.324665240226662,4085.695205463647,0.0,4085.695205463647,0.31535289263202226,4085.695205463647,0.0
4199.186738948749,0.024330951177806596,4199.186738948749,0.3148463994066994,4199.186738948749,7.05368913485043,4199.186738948749,0.005719093618611247,4199.186738948749,0.31811121810227994,4199.186738948749,0.0,4199.186738948749,0.0,4199.186738948749,0.0,4199.186738948749,0.0,4199.186738948749,0.005699527423955036,4199.186738948749,0.32322168013385955,4199.186738948749,0.0,4199.186738948749,0.015541380407302657,4199.186738948749,1.0220182130339817,4199.186738948749,0.4441106229724499,4199.186738948749,0.0,4199.186738948749,0.3153528926320227,4199.186738948749,0.0
4312.67827243385,0.09047266663774584,4312.67827243385,0.3148463994066996,4312.67827243385,7.0537305097451934,4312.67827243385,0.04119131437721047,4312.67827243385,0.3181112181022799,4312.67827243385,0.0,4312.67827243385,0.0,4312.67827243385,0.0,4312.67827243385,0.44345298783853626,4312.67827243385,0.042889937700851505,4312.67827243385,0.3232216801338596,4312.67827243385,0.0,4312.67827243385,0.13015436606338057,4312.67827243385,1.0220182130339814,4312.67827243385,0.0,4312.67827243385,0.005336199313214789,4312.67827243385,0.31535289263202243,4312.67827243385,0.0
4426.169805918951,0.16043061192400657,4426.169805918951,0.31484639940669945,4426.169805918951,6.942529367900557,4426.169805918951,0.10755905378708963,4426.169805918951,0.31811121810227994,4426.169805918951,0.0,4426.169805918951,0.0,4426.169805918951,0.0,4426.169805918951,1.3240281841290042,4426.169805918951,0.11005103830281504,4426.169805918951,0.3232216801338596,4426.169805918951,0.0,4426.169805918951,0.34679732156161236,4426.169805918951,1.0220182130339817,4426.169805918951,0.0,4426.169805918951,0.05591968321983958,4426.169805918951,0.3153528926320225,4426.169805918951,0.0
4539.661339404053,0.2278588199812407,4539.661339404053,0.3148463994066998,4539.661339404053,6.7218375315990295,4539.661339404053,0.17699488835833319,4539.661339404053,0.3181112181022798,4539.661339404053,0.0,4539.661339404053,0.0,4539.661339404053,0.0,4539.661339404053,2.1837272850180987,4539.661339404053,0.18058533743861704,4539.661339404053,0.32322168013385955,4539.661339404053,0.0,4539.661339404053,0.5712277633870808,4539.661339404053,1.0220182130339817,4539.661339404053,0.0,4539.661339404053,0.12449387111385668,4539.661339404053,0.3153528926320223,4539.661339404053,0.0
4653.1528728891535,0.2916938189973965,4653.1528728891535,0.3148463994066998,4653.1528728891535,6.3951337363746745,4653.1528728891535,0.24411243608604102,4653.1528728891535,0.3181112181022798,4653.1528728891535,0.0,4653.1528728891535,0.0,4653.1528728891535,0.0,4653.1528728891535,3.008991384237007,4653.1528728891535,0.2487380096862925,4653.1528728891535,0.32322168013385955,4653.1528728891535,0.0,4653.1528728891535,0.7877333167310447,4653.1528728891535,1.0220182130339817,4653.1528728891535,0.0,4653.1528728891535,0.19347637690669217,4653.1528728891535,0.3153528926320223,4653.1528728891535,0.0
4766.644406374256,0.35092877467620454,4766.644406374256,0.31484639940669984,4766.644406374256,5.967568876531481,4766.644406374256,0.30738416614008957,4766.644406374256,0.3181112181022799,4766.644406374256,0.0,4766.644406374256,0.0,4766.644406374256,0.0,4766.644406374256,3.786804241097156,4766.644406374256,0.31297136170878337,4766.644406374256,0.3232216801338595,4766.644406374256,0.0,4766.644406374256,0.9918306271682379,4766.644406374256,1.0220182130339819,4766.644406374256,0.0,4766.644406374256,0.2594414453958737,4766.644406374256,0.31535289263202226,4766.644406374256,0.0
4880.135939859356,0.4046293760436484,4880.135939859356,0.3148463994067,4880.135939859356,5.445884861674211,4880.135939859356,0.36580832217564785,4880.135939859356,0.3181112181022803,4880.135939859356,0.0,4880.135939859356,0.0,4880.135939859356,0.0,4880.135939859356,4.504897638119627,4880.135939859356,0.3722690264257166,4880.135939859356,0.3232216801338597,4880.135939859356,0.0,4880.135939859356,1.1802863626643645,4880.135939859356,1.022018213033982,4880.135939859356,0.0,4880.135939859356,0.32131507803057363,4880.135939859356,0.31535289263202254,4880.135939859356,0.0
4993.627473344458,0.4519485789081482,4993.627473344458,0.3148463994066997,4993.627473344458,4.838308358371775,4993.627473344458,0.41846336983019183,4993.627473344458,0.3181112181022798,4993.627473344458,0.0,4993.627473344458,0.0,4993.627473344458,0.0,4993.627473344458,5.151944961454196,4993.627473344458,0.42569569124893697,4993.627473344458,0.32322168013385955,4993.627473344458,0.0,4993.627473344458,1.350127978094192,4993.627473344458,1.0220182130339817,4993.627473344458,0.0,4993.627473344458,0.3781213460171515,4993.627473344458,0.31535289263202243,4993.627473344458,0.0
5107.119006829559,0.4921399739072019,5107.119006829559,0.3148463994066997,5107.119006829559,4.154421088555384,5107.119006829559,0.4645187495444401,5107.119006829559,0.3181112181022798,5107.119006829559,0.0,5107.119006829559,0.0,5107.119006829559,0.0,5107.119006829559,5.717739944725148,5107.119006829559,0.4724086252186513,5107.119006829559,0.32322168013385955,5107.119006829559,0.0,5107.119006829559,1.4986764600054878,5107.119006829559,1.0220182130339817,5107.119006829559,0.0,5107.119006829559,0.4289642248748523,5107.119006829559,0.3153528926320223,5107.119006829559,0.0
5220.61054031466,0.5245695677117265,5220.61054031466,0.3148463994066992,5220.61054031466,3.4050087277476906,5220.61054031466,0.5032479849117598,5220.61054031466,0.31811121810227916,5220.61054031466,0.0,5220.61054031466,0.0,5220.61054031466,0.0,5220.61054031466,6.193357750081758,5220.61054031466,0.5116709794625056,5220.61054031466,0.3232216801338588,5220.61054031466,0.0,5220.61054031466,1.6235886082925262,5220.61054031466,1.0220182130339808,5220.61054031466,0.0,5220.61054031466,0.47304173506129543,5220.61054031466,0.31535289263202193,5220.61054031466,0.0
5334.1020737997615,0.5487257909703414,5334.1020737997615,0.3148463994066998,5334.1020737997615,2.601890785612597,5334.1020737997615,0.5340401494207545,5334.1020737997615,0.3181112181022798,5334.1020737997615,0.0,5334.1020737997615,0.0,5334.1020737997615,0.0,5334.1020737997615,6.571295838439042,5334.1020737997615,0.5428634176716426,5334.1020737997615,0.32322168013385955,5334.1020737997615,0.0,5334.1020737997615,1.7228940213967303,5334.1020737997615,1.0220182130339817,5334.1020737997615,0.0,5334.1020737997615,0.5096585995333944,5334.1020737997615,0.3153528926320223,5334.1020737997615,0.0
5447.593607284862,0.5642275745657483,5447.593607284862,0.3148463994066996,5447.593607284862,1.7577341531358173,5447.593607284862,0.5564095101391754,5447.593607284862,0.31811121810227955,5447.593607284862,0.0,5447.593607284862,0.0,5447.593607284862,0.0,5447.593607284862,6.845592399744578,5447.593607284862,0.5654938925500416,5447.593607284862,0.3232216801338592,5447.593607284862,0.0,5447.593607284862,1.795026199773632,5447.593607284862,1.0220182130339814,5447.593607284862,0.0,5447.593607284862,0.5382372180063738,5447.593607284862,0.315352892632022,5447.593607284862,0.0
5561.085140769964,0.5708303662814,5561.085140769964,0.31484639940669995,5561.085140769964,0.8858532601864266,5561.085140769964,0.5700031956863107,5561.085140769964,0.3181112181022799,5561.085140769964,0.0,5561.085140769964,0.0,5561.085140769964,0.0,5561.085140769964,7.011920468599319,5561.085140769964,0.5792054134818546,5561.085140769964,0.3232216801338595,5561.085140769964,0.0,5561.085140769964,1.8388472752793052,5561.085140769964,1.0220182130339817,5561.085140769964,0.0,5561.085140769964,0.5583267842541573,5561.085140769964,0.3153528926320221,5561.085140769964,0.0
5674.57667425507,0.56842999255325,5674.57667425507,0.31484639940669984,5674.57667425507,0.0,5674.57667425507,0.5746067670828814,5674.57667425507,0.3181112181022799,5674.57667425507,0.0,5674.57667425507,0.0,5674.57667425507,0.0,5674.57667425507,7.067656235029062,5674.57667425507,0.5837816824263593,5674.57667425507,0.3232216801338595,5674.57667425507,0.0,5674.57667425507,1.853665974923076,5674.57667425507,1.0220182130339819,5674.57667425507,0.0,5674.57667425507,0.5696104021504163,5674.57667425507,0.31535289263202226,5674.57667425507,0.0
